hierarchical_cluster,meta_density,mtld,avg_sent_len,sent_len_var,noun_verb_ratio,content_density,function_ratio,flesch_kincaid_grade
0,0.12202111869201542,130.49592224106118,122.33930323771244,14538.44210872532,1.6616361675326448,0.43705850062883694,0.5803930852008156,1106.9489355028902
1,0.10139784052765051,123.28669877933378,50.86154142797629,2867.6185220613825,1.119554409074644,0.4148452901463086,0.599489027849796,624.059033134589
2,0.0506454816285998,300.7851985559567,32.03389830508475,864.5073254811834,1.6422413793103448,0.4183142559833507,0.427159209157128,738.1486243386244
